id,txt
1,tsoh8-jit8 tsu7-huat4-sing3 tsip8-khauan
2,tsing3-ti7 tsu2-kiann1 ho5-se3-ui5 ，
3,tsue3-kin7 nng7-sann1-ko3-i2-lai5 ，
4,tsin1-kuann2 kah4-mia5 tak8-sian7 ，
5,lam7-sam2 hiong3-khai1-hong3 ，
6,kau3-tiunn5 kuan1-le2 ，
7,hak8-sing1 ham5 tsiah8-peh4 u7-tshing3 ，
8,tsing5-tsu3 jit8-tai7-e5 se3-koo2 ，
9,king1-lik8 ji7-tsap8-ni5 tsau2-tshue7 ，
10,ah4-si7 tsing3-a2 pang5-san2-kong2-lang5
11,si7-kuann1 goo7-si7-khang1 pian2-ki7 。
12,ti7 pian2-tshi7 tshia1-kiann7-lam7 ，
13,tsing3-bing5 hue3-khi3 kau3-thong3-lui2 
14,bi2-kok4 kiann3-hun7 tsap8-goo7-thai5 ，
15,thau5-pai2-ti7 phai3-tsu3 hai2-gua7 ，
16,bin5-tsiong3 lak8-ho7 e5 huan3-tiau2 ，
17,m7-koh4 tsit8-e5-siong7-tshu3-bi7 ，
18,tshiong1-sing7 「 tsit8-e5 san2-guat8 。
19,kai2-iong7 siong7-phan2-pi7 ui5-tsu2 。
20,i1-kong2 ， i1-ta1-u7 tsit4-ui7 a1-hiannn
21,ka1-siu1-e5 hui3-iong7 long2-huan5 ，
22,siong3-tshi7 ping5-ka1-e5 sin1-kok8 ，
23,tau3-tsiok4 tsing3-hap8 goo7-ik4 ，
24,tsuan1-bun5 tsiam1-ui7 ham5-tsing3-jin5 
25,li7-iong7 ko3-jin5 sio2-tshik4-e5 ing3 ，
26,li2-khing3-tsik8 un7-bun7 piau2-si7
27,ji7-pat4-ji7-ki7-liam7-beh4-kau3 ，
28,gin2-a2 lau7-pe7 tsai1-hue7 thau1-au7 ，
29,ki3-liam7 tsit8-ni5 tai5-uan5 tsok4-ka1 
30,sann3-tioh8 tsioh4-tong2-e5 an3-kiannn7 
31,sing5-tso3 ma7-bian2 siunn7-beh4 。
32,i2-king1 nng7-kiau3 le2-pai3-pi2 ，
33,ki5-tiong1 sui7-tian2 kong1-si2-ti7 ，
34,ka1-jip8 「 gua7-ke1 」 ian2-lai5 ，
35,bin5-si7-sin1-bun5 sia7-tik4-po3 po7
36,sim7-tsi3 pi2-sang1-tsing5 iau2-lang5 ！
37,kiu3-king3 si7-thue3 tai5-uan5 ，
38,li2-tsai1-iann2 tai5-uan5-ui7 ，
39,in1 tsah4-tioh8 tshiong1-phau3-hong1 ，
40,kin1-a2-jit8 khi2-a2 sann1-gi7-pai2 ，
41,tsap8-peh4-ho7 i1 kim1-tshiann3-u7 ，
42,「 sui1-jian5 ＊-e5 si5-kong1 ，
43,phainn7-ue7-tshenn1-po3-khi3 loo7-ing1 ，
44,tai5-uan5 ti1-bing5 kau3-siam2-ling5 」 ，
45,phing5-kuan7 ing5-siong5 bun5-iong5 ，
46,thau5-ke1 ka7 kang1-tiunn5 thiah4-tiau7 
47,lian5-sua3 tsing1-a2-kiu5 sing3-san3 ，
48,su2-iam7-bun5 tshiang3-ping5-hi3 ，
49,tso7-sing5 「 peh8-thau5 phau1-a2 」 ，
50,tsa2-i2-king1 tsin3-hing5 kuan2-tse3 ，
51,kin1-tso3-ma2 tsiu7-thok8 tai5-hak8 ，
52,tsiong3-kuan5 tng5-poo7 ti7-thang5-，
53,kho2-ling5-si7 pang5-tsu2-sit8-e5 guan7 
54,bin5-si7-sin1-bun5-po3-to7
55,ji5-tshiann2 kho2-ai3 te7-si3-kui3 ，
56,siong3-kim1 tshuan1-a2 tua7-kim1-bak8 ，
57,pau1-kuat4 ui5-tsit8 ko3-i3-tong7 、
58,lo5-kang1-thuan5 thong3-kim2-huang1 ，
59,ling5-ji7 kap4-tshing3 kap4 sio1-uan5 ，
60,tsuan5-ti7 suat4-ni5-e5 tshia1-ing2 ，
61,in1-ui7 gua7-hing5 sio1-kang5 ，
62,tan7-si7 thai3-too7 kiong5-nge7 ，
63,tsing2-thau5-a2 put4-tuan7-tiunn5 ，
64,u7 ping5-kho2 bin5-tsiong3 kue1-thau5 ，
65,kin1-tsio1 si7-ke3 ah4-tit4-loh8 ，
66,ping7-tshiann2 siong3-ue7 po3-king2 。
67,ti7 tai5-lam5 ing2-khi3 khai1-bo7 ，
68,kue2-long5 ui7-tioh8 pik4-a2-hiong1 ，
69,in1-tshu2 ，
70,to1 huat4-hian7 sin3-ho7 ni5-tshiunn7 ，
71,go7-ho7 gueh8-hun7 au7-pian7-tua7 ，
72,kian3-a2 pun2-kui3 iah4 kiat4-the5 ，
73,lian5-jit8-lai5-e5 tua7-juah8-thinn1 ，
74,to1-e7-sai2 siong3-tsu2 e5 phan3-bi7 。
75,ti7 ham5-ti7 pinn1-hak8 tshai2-si5 ，
76,tshian1-kun2 gi7-tsian3 phan2-tiong1 ，
77,tshoo1-poo7 kuat4-ting7 ，
78,ka7 bi2-tsiu2-phang3 ti7 hioh8-a2 ，
79,pau1-kuat4 ping5-kap4 kam2-ni5-thuan5 ，
80,kun1-ku3 khi3-siong7-po3 tsu1-hian2 ，
81,tsiong1-hua3 khe1-oo5-thau5 ki7-tshi7 ，
82,king1-kue3 tsap8-gua7-ni5-lai5 ，
83,kah4 nng7 tsit8-hui3 sio1-kiat4-hap8 。
84,giam5-tshi7 phue3-sio2-e5 tiong1-kuan5 ，
85,hoo7 i1 kam2-kak4 un1-luan2-bun7 ，
86,tsha2-pe7-ti7 ting3-a2 kap4 ni5-hue5 ，
87,kin1-ni5 tsing3-khu2 ，
88,tsing3-khoo2 tai5-tsian7 kong1-lai7 ，
89,le2-kim1 ham5 tsham5-ting2 pang3-tshi7 ，
90,si7-kan2 si7-ti7 e5 khang3-si7-tik8 、
91,ma2-siang7 jim7-au7 pi2-liang7 i2-tsio2 
92,giap8-tsia2 khah4-koh4 thian1-siong1 ，
93,au7-bin7 khia5-1oo7-1too1 tsin3-hang5 ，
94,ti5-liau2 bok8-ge7 tsok4-phin2 ，
95,m7-koh4 pat4-pat4-tang7-e5 kian3-loo7 ，
96,sam1-lip8-sin1-bun5-tai5
97,tong5-hak8 tsok4-giap8 sio1-kok4-sing1 ，
98,koh4-pang2-hue2 ka7 tshia2-uah8-si2 ，
99,bok8-kik4-tsia2 piau2-si7 ，
100,kam2-kong2-si7 tsiunn7-e5 mo1-pue1 ，
101,bok8-tsing5 tsik4-si5 piann3-san2 ，
102,siong3-kuan2 siong5-sik4 tshit4-kip8 ，
103,bu2-lai5-iu2 e5 nng2-the2 kho1-giap8 ，
104,e7-sai2 khing1-i7 tuat8-e5 tsit8-mia7 。
105,e7-ti7-ham2 tai5-uan5 sing1-giap8 。
106,tsap8-it4-gueh8 lau5-tsing3 kok4-un5 ，
107,pi7-iong3 sing3-tiam2 pang5-khuan2-mi5 ，
108,tsin1-khu2-ioh8 huan3-be7 ka2-pai5 ，
109,tai5-pak4-tshi7 gi7-uan5 tsong1-hiong5 ，
110,thinn1-khi3 ling2-khip8-puan2-tioh8 ，
111,ku7-ni5-e5 tsap8-gueh8 ，
112,long5-bin5-khi3 tsuan5-poo7-tua7-khe1 ，
113,pi7 ku7-suann1-ti5 tua3-a2 siu1-tsi2 ，
114,pian3-tsong1 lai5-kau3 mng5-khong3 。
115,tai5-phai3 thuan5-ki2 lut8-kong1-ting2 ，
116,tsing5-uan2 jin5-tsui2-e7-siong5 ！
117,sit8-tsai7-si7 in1-ui7 ping5-kau3-bo5 ！
118,kiat4-ko2 i1-e5 king3-siong7 tsu7-nia2 ，
119,tsiah4-e7 tsing3-ka1 tsing3-i3-guan7 。
120,sam1-lip8-sin1-bun5-tai5
121,siang7-su1-iau3 e5 su2-tsing3-bi2 ，
122,pau1-tsong1 long2-si7 tiong1-kan2-ji7 。
123,kiu3-uan7 hing5-tong7 ko3-tsit8-loh8 ，
124,u7 giap8-tsia2 ka7-siong5-kho2-siang5 ，
125,phian1-phian1 kong2-huat4 tsit8-tui1 ，
126,pang7-kiu5 pi7-tshing1-tso3-kiu5 ，
127,iau1-kiu5 sim1-thang5 sui5-thing5 。
128,kai2-tso3 「 ki3-liam7-ki3-liam7 」 ，
129,i2-king1 tiau3-uat8 tsuan5-lik8 ti1 。
130,am3-si5 lak8-tiam2-gua7 hue2-sio1 ，
131,hue2-si3 kiong3-hun1-au7 khong3-tse3 ，
132,sam1-lip8-sin1-bun5-tai5
133,tsit4-kinn2-e5 tian7-tong7-tshia1 ，
134,tan7-si7 kiu3-hoo7-gai7 i5-kui1 ，
135,sam1-lip8-sin1-bun5-tai5
136,hoo7-tit4 jin5-tshim3-boo5 tsit8-ni5 ，
137,ian5-kue1 sia7-kng3 kng3-sam1-tiah8 ，
138,ki5-jip8 jin5-tshu3-si7 lam5-han5 ，
139,tann3-hong1-loo7 si7-tiam2 sann1-li2 ，
140,iu5-tsinn5-tioh8 sim1-tsu7-a2-khiang1
141,tai5-tang1 be7-tshai3 a1-ma2-khuan2 ，
142,kui1-tai5-tshia1 si3-ling2-thian1 ，
143,tsit4-si7 ping5-ki2 hiang1-bing5-si7 。
144,u7-nng7 tsiah4-pinn5-tsiah4 ，
145,tsap8-it4 hue3-iong5 e5 siang3-khu2 ，
146,lip8-me5-au7 lui5-kong1 po2-thing5 ，
147,kiann5-kau3 phian1-am3 hang7-a2 ，
148,sam1-lip8-sin1-bun5-tai5
149,lak8-gueh8 lak8-ho7-e7 tsiann1-u7 ，
150,tso7-sing5 tong1-si5 tu2-pian7-mia5 ，
151,huat4-sing1 hue2-sio1-ki1-gua7 ，
152,lian5-sian5 ti7-su1-ling7 poo7-ki2-tsing
153,king2-hong1 tsiong1-e5 kiu3-tshut4-si5 ，
154,ting3-bue2 jin5-tsan3-e5 lai7-tse2 ，
155,am7-a2-kun2 pi7-sing1-kho3 thui1-ho5 ，
156,bak8-tsiong2 siann3-tso3 e5 jio7-tsing3 
157,tsu7-iu5-si5-po3-po3-to7
158,tshia1-ho7 huat4-sing1-tai5 si5-peh4 ，
159,suah4 king5-pa3 pa3-iu2-ngi5 pang5-ki2 ，
160,tshing3-ka1 i1 ping5-suann7-huat4 ，
161,siann3-te2 huat4-e5 huann5-gi5 kai2 ，
162,tai5-tang1 tsit4-ma2 gin2-bah4 khi2-kahi
163,tshong3-ha7 ji7-tsap8-koo3 i2-kuan5 。
164,sui1-jian5 ti7 kuan3-a1 pi2-sai3 ，
165,sing1-kuan2 tang5-siong7 ke3-siok8 ，
166,m7-koh4 ko1-piann2-e5 siang5-pau1 、
167,tsit4-ping5 sua1-hua1 phu5-poo1-hian7 ，
168,ka1-tsui2-tsam7 koh4-tshiat4-iok4 。
169,kam2-kak4 tsin1-m7-kam1-tit4 ，
170,kiong2-tshia1-pi3 tsun3-ni5-tsing1 ，
171,tui3 kiann5-penn1-pinn1-e5 hinn3-kak4 ，
172,si3-pah4 si3-tsap8-phit4 tse7-hong3 ，
173,i1 li7-iong7 tong1-te7 sio2-huan7 ，
174,siong7-tshut4 pan2-to2-tiong1-kok4 ，
175,tsing5-tai7-pak4-sin1 kian3-tng5-hun1 ，
176,ui7-ti7 huat4-sing1 po2-tai5-sa1-tshiu2 
177,ki5-tiong1 u7 lak8-sing5 pin3-ni5 ，
178,bin5-si7-sin1-bun5-po3-to7
179,bin5-si7-sin1-bun5-po3-to7
180,sim7-tsi3 ti7 khong3-iau2 e5 piau2-bake7
181,ti7 ji7-tsap8-ho7-kong1-e5 tshing3-an5 ，
182,him1-siong2 am3-poo1 e5 si5-tso3-jit8 ，
183,tsit8-ng5 tsit8-ang5 ping5-an1-tsiok4 ，
184,tai5-tiong1-tng5 sing7-huan2 e5 tshi2-ph
185,bin5-si7-sin1-bun5-po3-to7
186,mui2-ni5 long2-e7 khang3-kuan1 e5 guau5 
187,li2-sin1-se3 tsit8-ping7 to1-kau3-hong1 
188,tsi3-i5 sia7-khu1 pi7-lik8-ai3-mng7 ，
189,ti7 kin1-tsoh8-e5 pi7-hang5-gueh8 ，
190,san2-ti7 san2-kip4 kap4 tshu2-ng5 ，
191,sui1-jian5 khai1-liau2 be7-tsinn5-mi2 ，
192,tsu7-an2-ne1 bi2-hik4 tshing3-ping5 。
193,tai5-uan5-e5 po2-kik8 kang1-tso3 ，
194,tso1-khui1 phah4-tsing3-hi2-tan5-un5 ，
195,tshik4-a2 pi7-san2 siang7-tsuan5-ki1 ，
196,si3-tsap8 ping5-kang1 tsa1-goo7-kim1 ，
197,kin1-ni5 tong5-ki5 sim1-thau5-king1 ，
198,tsiong1-hua3 ki1-poo7 hu3-tsiu1-kong2 ，
199,beh4-ua2 lak8-tsap8-ji7-tsi1 ，
200,khui1-tshia1 kah4 tsiam1-bin7 tui3-be7 ，
201,put4-tuan7 ti7 bin5-tsai2-iu5-sueh4 ，
202,khong1-kun1-su1-ling7 lui5-tshiu7-li2 ，
203,tse7-tshia1 hoo7 tshia1-ka1-pan1-tiu5 ，
204,bin5-si7-sin1-bun5-po3-to7
205,ki5-tiong1 iau2-u7 sing3-han2-kip4 ，
206,tsian5-ong2 tian5-kham2-tiong3 kap4-tsa1
207,bin5-si7-sin1-bun5-po3-to7
208,ki3-tsia2 king2-hong3 the7-giam7 ，
209,siong3-tshim1-ia5 lau7-tit4-siau1 ，
210,tsing3-tui2 kin1-ni5 sio1-tam7-ki5 ，
211,khia7-ke1 iau3-san3 pi7-tng7-tian7 ，
212,khah4 hoo7-lang5 tam1-sim1-e5-si7 ，
213,phenn5-oo5 hai2-pin5-a2 siu5-kau7 ，
214,tsiah4-e7 tso3-tiunn2-e5 kang3-su2 ，
215,m7-koh4 a1-hiong1 khip4-kue3 pian1-sin1 
216,li2-tsu2 ko1-ni2-hu1 siang7-kai3 e5 ，
217,tui1-su1 ji7-ji7-phok4 ma2-ing1-bin7 ，
218,si5-kan1 iau2-bue7 tshing3-ping5-tshui3 
219,ti7 kun1-hong1 hue2-phau3-sia7 liau2 ，
220,bi7-lai5 na7-tsun2 ting3-be7-phio3 ，
221,tsit4-pe2 hue2-sio1-tiong5 gui5-ti7 ；
222,sui1-jian5 ki1-tai5 siat4-pi7 ，
223,khak4-sit8 be7-sai2 bo5-tshui3-mia5 。
224,tshua3-ing1-bun5 suan1-kiong7-e5 po3 ，
225,kuan3-kuan3 tsing3-tse2-siu2-king5 ，
226,ki2-hing5 lip8-ui2 siong7-tshing5-tai7 ，
227,ling7-gua7 iau2-u7 siong5-thian1-kio5 ，
228,tsap8-lak8-ni5 tsiu1-lang5-tian7-ui5 ，
229,tiam3-thau5 tshiong1-e5 kui2-siann5 ，
230,iau1-kiu5 「 hak8-sing1 ah8-huat8 ，
231,tsit4-ma2 ing3-kai1 tai7-phing5-io1 ，
232,poo1-li2 tin3-sioh8 un7-ping7-hong1 ，
233,si7 kuan1-tshi2 tui3-giam5-siann1 ，
234,u7-tsit8-kua2 、 tsing3-ham2 tsiah8-tong5
235,tso3 uann7-bi7-kai2 tiong5-sio2-an5 ，
236,tsap8-lak8-ho7 khai1-pi2 「 bun5-he3 ，
237,lang5-kheh4 ma7 tue3-lak4-puann1 ，
238,sing1-kuan2 hue5-siong1-tong3 ke3 ，
239,soo2-kong2-e5 i2-phang3-i2-ui5 ，
240,put4-ko3 tsiann5-ui2-ki1 e5 tsing5-hiong
241,tsa3-ioh8 kang1-tiunn5 ping5-bin7 ，
242,bin5-si7-sin1-bun5-po3-to7
243,m7-koh4 ping5-ting2 tsia1-e5 tsia1-ji7 ，
244,beh4-iong7 tsing3-but4 tui3-ku1-hok4 ，
245,sui1-jian5 pinn1-a2 e5 hu7-khuann3-i1 ，
246,koh4-an3-tsiann3 「 ka1-siong7 」 huat4 ，
247,tai7-iok4 ling5-sann1-khong1-kak4 ，
248,sun2-sit4 ma7 phainn2-koo2-ke3 。
249,siong1-thu5-ting5-kian3 li7-tshiau2 ，
250,tsit4-tah4-e5 hi5-bo5-bun7-te5 。
251,hau7-hong1 huai5-gi5 bun7-kho2-ti7 。
252,i1 bo5-i3-gua7 ho7-tshia1-e5 sun5 。
253,in1-ui7 kah4 tsing3-hong2 kiam2-kai2 ，
254,goo7-gueh8 tsap8-peh4-siann1 tua7-hue2 ，
255,sann1-mia5 kiu3-guan5-ho2 hik8-kiu3 ，
256,khia5-ki1-tshia1 ti7 tshia1-loo7-ting2 ，
257,ti7 tik4-kho1-kang1-tsok4 thiu1-sik8 ，
258,tsit4-mia5 te7-i3 lai5-e5 sim7-kuan2 ，
259,gi5-su7 tu2-tioh8 niau2-tshing1-kun2 ，
260,sang3-i1-au7 long2-ki2 bo5-tua7-gai7 。
261,to1-ti7 i1 tshia1-loo7-e5 kui2-liau2 ，
262,ji7-tshi7-pang5 tsa1-boo2 kho2-him1 ，
263,kiong5-tiau7 the3-liau2 to1-kui1-hing5 ，
264,ka7 kiau7-tshia1 sua2-khui1 。
265,iunn5-ka1-tsiong2 kuan1-siong7-hi5 ，
266,tshin1-kuan2 tso3-koo2 kim1-nia5-jiat8 ，
267,bin5-si7-sin1-bun5-po3-to7
268,tshit4-tsap8-hue3 e5 tsiah4-thai3-kiu2 ，
269,lak8-gueh8-tiong1 tsiah4-kue3-to1 ，
270,tan5-bun5-sing5-pue3-king2 ping5-ah4 ，
271,ma2-siang7 po2-gim7-bi2-e5 khi3-too7 ，
272,bin5-si7-sin1-bun5-po3-to7
273,sui1-jian5 i1 pe7-king1 ka1-tau5-an3 ，
274,tsham1-jip8 png7-tshai3 liang2-sing5 ，
275,tui3 bo5-tai5 sio2-tsia2 tsiap4-kue3 ，
276,li2-tsu2 tsing3-hue7 tshue7-hu3 ，
277,siang7-bue2 tiong1-hiong1 tsiu7-bin5 ，
278,na7-tsun2 beh4-pi7-sian2 tshu3-tioh8 ，
279,bi2-hun2 thng1-thau5-e5 phang1-tak4 ，
280,khak4-ting7-si7 gi7-pan2 e5 pan2-ling5 ，
281,kam2-kak4 pi7-khi2-e5 hui1-siong5-song2 
282,su7-au7 tshue7-bo5-tioh8 tshing3 ，
283,ma7-si7 i2-ki1 ui5-ing5 。
284,ue7-khing3-kuan3 sing5-kun1 ，
285,tok8-tsu7 tsi2-kau3 pe7-tshi2-hue7 ，
286,tse3-tso3 pai3-uan5 bin5-tsah4-tng2 ，
287,pin5-iau2-loh4 piang5-khu2 tsang3-leh4 ，
288,suah4-bue2 suah4-ai3-pian2-tshiu2 ，
289,hu7-tshin1-tsiat4 tng1-kang1 ，
290,bin5-si7-sin1-bun5-po3-to7
291,sin1-khu1 pi7-giam7-e5 sio2-ka7-ho5 ，
292,m7-koh4 tshut4-pau1 e5 tsiap4-un7 ，
293,m7-koh4 sing1-ui7 iau2-si7 put4-khai1 。
294,tsi3-tsio2-u7 tsap8-i5-e5 mia5-tshiu2 。
295,hiam5-huan7 ting1-kho3-liau2-au7 ，
296,hong1-thai1 kuan5-kau3 tsap8-iong5 ，
297,tai5-phai2 tsiah4-ping3-khi2-lo7 ，
298,to1-e7 koh4-tit8-koh4-tng5 ，
299,sing1-kuan5-ti7 tshing3-e5 ng5-loh8 ，
300,tai5-uan5-e5 lik8-ling5-kho1-lik8 ，
301,m7-koh4 mui2-pai2 long2-siau7 pi7-ni5 ，
302,ma7-in1-ui7 be7-ko1 pian3-hang1 ，
303,sio2-ti7 liong7-i1 hiann2-be5-in1 ，
304,bin5-si7-sin1-bun5-po3-to7
305,uann7-sin7 li2-tshiu2 e5 nng7-pai2 ，
306,an3-tsiunn7 pian3-tshing5-e5 ki1-kiannnn
307,thang1-kong2-si7 pho3-liau2 siong3-u7 。
308,au7-lai5 hau7-hong1 tsa1-tshut4 ，
309,m7-koh4 suah4-u7 gi7-tsiam5 gi7-gi5 ，
310,pang5-tshu2-mia5 sik4-kho2-sin1-khin1 ，
311,ui7-tioh8 tau3-sann1-kian7 so2-khah4 ，
312,ping5-kuan2 in1-ui7 huat4-siong5-poo7 ，
313,king2-pai3 tshiu7-bue7 i2-king1 ，
314,lai5-khuann3 sian1-kiu5-sing5-pi2-hik4 ，
315,m7-na7 kho2-giam7-tioh8 kuann1-ui7 ，
316,kui1-e5 sun2-kin2 tshiau1-kue3-sing5 ，
317,tsit4 lai7-bin7 kok4-tse3 ti1-phin2 ，
318,tsit4-kiann7 kap4 po3-sang5-tsoo2-kiannn
319,kiat4-tsi2-lui2 e5 tshenn1-phuan5 ，
320,tsah4-tioh8 tua7-pau1-se3-hing5 ，
321,kong1-si1 tsu7-koo2 i2-lau7 kam2-lam2 ，
322,kan1-na1 ling5-tshenn1-e5 tsiah8-po7 ，
323,tsit4-ma2 bo5-lun7 kau2 si7-kian7 ，
324,pau1-kuat4 tai5-uan5-ki2 ng7-a2 lang5 。
325,su7-sian1 bo5 sin1-tshiunn2 pah4-tiu5 ，
326,tong7-po2 i2-king1 kui1-ti2 suan3-li2 ，
327,ti3-su2 tai5-uan5 tsiap4-hioh8 be7-sing5
328,tsit4-king2-sin5 ke1-pi2 uah8-tang7 ，
329,tsiann1-ua2 tsin3-hing5 hai2-te7 ，
330,thinn1-ting2 hun5-san3-jit8-tshut4 ，
331,sim7-tsi3 tsian3-hui5 luan7-kiat4 ，
332,gi5-tsuan2 kue2-tsi2 tioh8-si7 kin1 。
333,koo2-ke3 nng7-khong1-e5 tshiunn5-ka1 ，
334,tsit4-m7-si7 king2-tshat4-ti7-kang3 ，
335,ti7 san2-ham5 ke3-siau3 bun7-ti5-ha7 ，
336,poo7-tui7 tsun2-pi7 e5 tsa2-tng3 ，
337,pai3-jit8 ti7 i1-tsoo2 e5 ka1-lai5 。
338,giap8-tsia2 kai2-sueh4 tsiat4-kok4 ，
339,ng5-siok4-e5 gu5-tsua2 ting2-pan7 ，
340,si1-a2 phong5-i7 siau3-lian5 tsi1-ha7 ，
341,hiann1-tsi3 phian1-mng5 hak8-sing1-hok8 
342,gin2-a2 kiu3-phong5 mih8-kiann7 ，
343,he1-si5-tsun7 ngoo1-hap8 tsa2-pai7 。
344,pun2-sin1 sing3-tshu2 thong1-tsip4 。
345,suan2-tshut4 u7-tshiu2-e5 ping5-hui5 。
346,tsing5-phi2 hong1-phang1-tshua1-hoo1 ，
347,am3-si5 peh4-gua7 liok8-tsiap4-hap8 。
348,m7-koh4 tong7-but8 tsian1-huan5 piau2 ，
349,lui2-tsinn5 giah8-sue3 nng7-ik4 。
350,in1 bo5-si5-kue3 siang3-pah4 tsin1-moo7 
351,senn1-lik8-e5 kiann3-hap8 tsi1-kan1 ，
352,tue3-bue2 tsing3-khan2 bi7-ni5-lai7 ，
353,e7-sai2 hng7-tsi2 e5 sio2-thi5-si1 。
354,kin1-ni5-e5 ko1-hiong5-tsia2 ，
355,tsa1-boo2 tih4-beh4 kiat4-phue3-kim1 ，
356,tsit4-ma2 su1-iau3 khai1-tsit8-tsinn5 。
357,tshing7-tioh8 kam1-a2 gua7-ho3 thai1-po7
358,sio2-kuann1 kap4 tsai7-poo7 ng5-leh4 ，
359,tsing3-khi2 king2-hong3 ka1-tshui2 ，
360,sann1-ho7 tsa2-khi2 ko1-hiong5-si5 ，
361,tsit8-pai5-i2-king1 pho3-tian7-i2 。
362,mua2-toh4 e5 bun5-tshong3 san2-phin2 ，
363,pi7-bian2 tso7-sing5-e5 siong1-khok4 ，
364,tai7-poo7-hun7 i2-king1 kai2-te3 ，
365,hoo7 ka1-siok8 siam2-be7 tshing1-hu3 。
366,tshiann1-ui7 oo1-iu5 sing1-thun3 。
367,kun7-ki7 kam2-siu7 e5 guan5-tai5-sui2 ，
368,siong7-bue2 khui1-pong7-e5 pong7-tsi2 ，
369,huat4-guan5 hong1-bin7 siu1-ki3 。
370,hoo7 siunn7-bueh4 pue1-e5 lu2-iong5 。
371,sang3-ti7-si7 tsiap8-phian3-tsu2-iong7 。
372,tsuan5-a3-sio1 siang7-tsuan5-gian2 ，
373,tsit4-si7 tsuan5-jit8-e5 tsiann1-hu7 ，
374,ti7 tong5-giap8 kui2-siau7 phing5-ke2 ，
375,tsing1-tho2 tsun2-pi7 guan5-puan2 e5 ，
376,sit8-tse3-tuann1 ke3-tshiu2 e5 ping5 ，
377,au7-lai5 sui1-jian5-tit4 hu3-huan7 ，
378,guan5-lai5 senn3-tsng1 tsa1-pi7-sit4 ，
379,hiong3 lip8-ui2 tin5-tau5-kang1-tng5 ，
380,kuann1-tsong7-pio2 ma7-tng2-tso3 。
381,ka1-tsai3 lok8-tsui2 ma7-si7 tsiu1-ki1 ，
382,bok8-tsing5 tiann1-kam3 soo2-lim5-a1 ，
383,tsit4-ma2 thuan5-ki2 e5 tsiah4-si7 ，
384,khi2-ke3-tso7 bin5-tsiong3 kiam2-tsio3 ，
385,bin7-tui3 tsiong3-hu7 ian5-siong5 soo3 ，
386,tong1-si5 i1 tu2-ho2 khui1-king1 ，
387,tso7-sing5 tshiu2-ki1 phau3-bin7-kui1 ，
388,siang7-tua7 bun7-tsioh8 tsiann5-kue3 。
389,bin5-si7-sin1-bun5-po3-to7
390,tsiann5-tse3 ian2-khi7 sim1-thiau3 ，
391,kuann2-kin2 siong7-ue7 hoo7-tshiu2-ang3 
392,tang1-sua1-to2 ki7-hong5 si3-pah4 ，
393,hi1-bong7 gi7-uan5 khai2-sian7 un1-thang
394,loh8-tioh8 hoo7-tsuan5-e5 long5-siu1 ，
395,ping5-tsuan2-ti7 tiau5-kan1-ni5 ，
396,guan5-lai5 sim1-ong5 kap4 sim1-ui7 ，
397,tsing3-kho3 hue3-liau2 tshiunn5-lang5 。
398,bin5-si7-sin1-bun5-po3-to7
399,hun1-tsing3 phing5-long5-san3 long5-keh4
400,bi7-lai5 pian7-to7 khui1-lai5-ong2-tshia
401,ti7 bun2-kiong5 hau7-hng5 khi2-liau2 ，
402,ping3-ian2 iau2-u7 ka1-tsong1-tiau5 ，
403,tsit4-ku2 tu2-ho2 tsa2-tang1-si5-ki1 ，
404,khia7-khi2 ti7 tai5-lam5 e5 kong1-bin7 ，
405,khak4-sit8 hian2-tit4 koh4-khe1-se2 。
406,su1-ti7-ha7 ka7 sann1-bin7 piau2-ui7 ，
407,in1-ui7 siong7-ham5 e5 tsu2-kak4 ，
408,ke1-siong3-tshi7 phong3-khi2-e5 ，
409,ma7-u7 the5-kiong1 i1-liau5-tsuan1 。
410,bin5-si7-sin1-bun5-po3-to7
411,thang1-kong2-si7 tua3-lang5-e5 hoo7 。
412,put4-kuan2 si7 tang1-tsioh8 、 guan5-i1 ，
413,tshia1-kue3 tai5-tshit4-suann3-tsui2 ，
414,tsham1-u2 ng7-tiunn5-e5 tsap8-poo7 ，
415,bing5-iong7 hong5-sui2 koo2-phun2-sioo2 
416,bin5-tsiong3 ka1-ki7 khip4-sing5-pun2 。
417,in1-ui7 ti7 bun7-si3 long2-bo5-ti7 ，
418,bo5-siunn7-tioh8-put4-sing5-li7-tsai1 ，
419,tu2-tu2 tshai2-siu1-e5 thoo5-tau7 ，
420,hiong1-tng5 honn2-si7 tshiu2-pan7 ，
421,tso7-sing5 gua7-sio2 sim7-ui7 kiam2 ，
422,kiat4-ko2 ti7 bin5-ian2 tsia2-ming7 ，
423,bin5-si7-sin1-bun5-po3-to7
424,m7-na7 tsiunn7-kang5 iau1-tshiah4 ，
425,tsi2-si7 nia5-tse3 huat4-phuann3-kuan2 ，
426,tsit4-tin7 koh4-piann3-un2 「 thue5 」 ，
427,u7-ham5-ki1 siong3-i5 e5 sin1-tsai7 ，
428,tsi2-si7 tue3-tioh8 ng7-phoo2-kip8 ，
429,in1-ui7 lim5-su1 kau3-ui7 pan1-khi1 ，
430,tsing3-pan5 ka1-ki7-e5 ui7-sing1 phah4 ，
431,i2-king1 tsap8-tshit4-ni5 ho2-tsiat4 。
432,sing5-lip8 tsing3-ho7 ping5-tsia2 ，
433,tsiong3-i7 iu5-kheh4 kuan1-siong7 ，
434,tsin1-kin2-e5 puann1-tsau2 soo2-tik8 。
435,sia7-hue7 ling7-gua7 tsiau3-king1-sim1 ，
436,tsoh8-jit8 tshim1-gua7 tse7-kong1-tshian
437,kan3-tsio2 peh8-sik4 kap4 phau2-ke7 ，
438,tsit4-si7 bok8-siang1-e5 siang7-too7 。
439,sin1-tioh8 tiau5-tng5 to7-phing1-koh4 ，
440,na7-bo5 tsin1-kho2-ling5 tshut4-e5 。
441,tsiok4-tsue7-lang5 tsiah8-tin1-bi7 ，
442,tsuan5-poo7 su2-iong7 thih4-pian3-tiau5 
443,put4-ko3 tua7-lim5 khang5-iu5 kai2-sikok
444,sui1-jian5 kin1-a2 hong1-ki2-li7 ，
445,siong3-ti7 tsa1-poo1 be2-liau2-tshiu2 ，
446,e7-sai2 kong2 tshui3-ti7-tsiah8 ，
447,la1-pah4 siann1-tsu2 hoo7-tshiann1-tioh8
448,be2 po2-hiam2-tsing5 tsu7-ping5-ik4 ，
449,tsap8-lak8-ho7 kuann1-hok8-penn7 ，
450,ti7 kiu2-a2 pi7-kan1-e5 kau5-siong1 ，
451,hak8-sing1 tong1-jian5 be7-tam7-sit4 ，
452,siu1-jip8 bo5-un2-ting2 be2-ng5-hun1 ，
453,tsap8-gua7-ni5 lai5-huat4-sing1-boh4 。
454,tshinn3-tioh8 sing7-tsiong3 e5 si5-guehi
455,uah8-tang7 kiat4-sok4 hoo7-siang5-tsin3 
456,pinn1-khuann3 lip8-ui2 kok4-khiann2 。
457,an3-tsuann2 hau3-sim1-pian7 tso3-ki1 ，
458,ting2-jit8 tso3-sit4-hioh4 e5 si5-tsun7 
459,tsin3-hing5 hip4-soo2 soo2-khong3-hing5 
460,kui1-e5 ki1-kiu5 sim1-tsai2 uan5-kang1 。
461,hi1-bang7 thau3-uan5 uah8-si7-tua7 ，
462,bin5-si7-sin1-bun5-po3-to7
463,bo5-siunn7 lau7-su1 to3-hak8 ni5-i7 ，
464,kiu5-hia1-tshoo1 sim7-ki2 pian3-kiu5 ，
465,bing5-tsiong7 i2-kai7 bo5-tsau2-bi7 ，
466,hi1-bong7 loh8-ke3 e7-tshiunn7-a2 ，
467,tsue3-kin7 tsing5-a2-pi7-pik8-gik8 。
468,khak4-ting7-tsin1-e5 si1-kue1 。
469,bo5-kong2-kiu5 「 sing3-hu2 」 iang3-tsoko
470,bin5-si7-sin1-bun5-po3-to7
471,iau2-u7 iau1-tshiann7 goo7-tsham2-uan5 ，
472,khia5-tioh8 o1-tshiu2-kann2-piann1 。
473,hing5-ki1 pi7-king1 pi7-huat4-siu1 。
474,m7-koh4 lang5-kheh4-tian7 tshiong1-tiang
475,i1-e5 pe7-bo2-au7 hue2-bo5-kau3-to7 ，
476,tsue3-kin7 iu5-kiok8 tsing2-sinn5-khi3 ，
477,hiam5-huan7 li7-iong7-un7 e5 sin1-hun1 ，
478,kah4 pinn3-tshia1 phue3-gai5-tsit4 。
479,bin5-si7-sin1-bun5-po3-to7
480,tso3 tsiok4-thai3 tshai3-bun7-koh4-li2 ，
481,san2-liang7 put4-tuan7 the3-khi2 。
482,thau5-tsing5 tioh8-si7 lu2-hak8-tui7 」 。
483,ho2-ti7 suann1-kap4 e5 poo5-tshiunn7 ，
484,i1 pun2-lai5-king1 tsit8-ni5-kong1 ，
485,an2-ne1 loh8-khiong2 ma7-kam2-pan7 。
486,bi7-lai5 ti7 pat4-ho7 tshing1-tah4 ，
487,tsiann3-si7 ang5-thng1 tiam3-thau5 。
488,tsue3-kin7 hun5-lim5-tsui2-tong1-han5 ，
489,lip8-huat4 i7-sann1-thong1 it4-kin2 ，
490,li7-iong7 sok4-si5 pi7-an3-hong5 ；
491,kiong5-khan3 tih4-beh4 tsiah8-e5 lang5 ，
492,si7-m7 tsing3-hoo7 sin3-thuan5-go7 。
493,m7-koh4 kue2-long5 iau2-kam2-be7-an1 。
494,bin5-si7-sin1-bun5-po3-to7
495,ui7-siann2-mih8 suan2-than3 tsit8-ki2 ，
496,san3-huat4 long5-long5-e5 hok8-khi3 。
497,uan5-king2 sui5-theh8 tshia1-hap4 ，
498,i2-king1 ti7 mua5-ku7 tshio2-ni5 ，
499,tai5-kui1-siang7 put8-khang3 tso3-ian2 ，
500,kin1-ni5 tso3-king2-e5 tsiat4-be7 ，
501,tsuan5-tioh8 tshiau1-kue3 pue7-si3 ，
502,tsi2-iau3 tsiann2-tshiu2 kau3-po1 。
503,hian7-tiunn5 ping5-suan2 phing5-bin5 ，
504,tso7-sing5 ang5-phue5 e5 tshai3-loh8 。
505,bin5-si7-sin1-bun5-po3-to7
506,kau3-tann1 gin2-ui7 huat8-siong1-ting5 。
507,tshu2-huat8 sing3-tsap8-huat8-khuan2 ；
508,ki5-tiong1 e5 tsap8-ban7-kuan7-gin5 ；
509,tsiah4-e7-sai2 tshut4-ki3-tsuan5-thng5 。
510,tsuan5-kiu5 tsing5-goo7-iann2-kak4 ，
511,sio1-king1-piann2 gu5-phue5 thoo5-sim1
512,tsia1-e5 mui2-tsit8-pun2 suann3-tsheh4 ，
513,ting2-a2 kue1-nng7 bin7-ting2 gua7-an3 ，
514,lian5-sua3 nng7-ni5 theh8-poo3-kuan1 。
515,su1-iau3 sue3-iau2 long5-bin5-put4 。
516,bio7-u2 m7-bian2 koh4-khui3-phai3 ；
517,hoo7-lang5 kian3-sik8 e5 phang5-tua7 。
518,too1-tshi7 huat4-tian2 tsing3-kian3 ，
519,hak8-sing1 tsing2-li2 e5 tsin3-tshiu7 。
520,sing1-ti7 tsit8-kang1 khia7-tsu2-ling5 ，
521,hoo7-in1 pi7-bian2 an1-khong1-tsia2 。
522,an1-lam5-o5 kham2-a2 si2-bing5 si5-hong5
523,nng7-kang1-loh8-e5 ping5-tsho3-tun7 ，
524,ang5-hue2 ian1-khoo2-e5 sang1-luan2 ，
525,jin7-ui5 pi7-sit8-khi2 put4-kho2-gi7 。
526,siau1-hong5-jin5 su2-iong5 phi3-khui1 ，
527,su2-iong7-u7 hik8-sing1-tsik4-ling5 ，
528,khak4-sit8 king3-tsho3-in2 pi7-hui5 。
529,bin5-tsioh4 kok4-sio2 bo5-su7-iu5 ，
530,tsim1-tsiok4 tshiu2-ping5-tsok4-uah8 ；
531,ki1-khi3 tshai2-e5 tsia1-e5 sing5-ti7 ；
532,i1 pi7-kio3-tso3 tsing5-bu2-e5 ni5 。
533,u7-si5-tsun7 pi7-ia2 kau2-phua3 ，
534,bi7-lai5 tai5-thih4 tsiap4-kuan2 ，
535,ma7-si7 kok4-ping3-sai2 phing5-thuan5 ，
536,siang1-hong1 pi2-kau3-e5 tng2-lai5 ，
537,siu1-tshu2 tam7-poh8-a2-kang1-hui3 ，
538,kiat4-ko2 kui1-e5 to3-sio1-hiong3 ，
539,kin1-ni5 siu7-tioh8 kau7-uo2-ing2 ，
540,ma7-si7 si1-tsing3-e5 ng5-ham3-kiu5 。
541,tsin1-tsiong3-a2 phinn5-su7 ，
542,nia5-tse3 siok8-tiann2 si5-khi3-e5 ，
543,siang1-hong1 i3-kian3-e5 tsi5-un7 ，
544,su7-au7 i1 tui3-kiam2 e5 ue7-bin7 ，
545,tsit8-e5 tsian3-pah4 phoo2-khoo1-tshan1 
546,kang1-tsuan2-kang2 to1-khui1-tshiu5 ，
547,iu5-ki5 lian5-kiat4 ko1-hiong5-suann7 ；
548,siunn7-beh4 hip4 tsiu2-a2 kha1-am5 ；
549,kam3-si7-ti7 puann3-mia5 nng7-mia5 ，
550,ui7-ti7 ping5-ni5 e5 tshiunn1-lip8 ，
551,kam2-kik4 tshiang7-kak4 m7-tioh8 ，
552,koh4-si7 huan1-tsi5 khai1-tsui2-ting7 ！
553,kiu3-king3 siann2-si7 hiong1-tshiu2 ，
554,peh4-tsap4-hue3 e5 lau7-peh4-tshu3 。
555,kiong5-tiau7 kong1-bin5 tsu2-hiang2 ，
556,kho2-ling5 an3-ne1 tsiu2-ting5-khau1 。
557,thun1-tshu2 po2-tsiah8 pau1-in1-si2 。
558,bin5-si7-sin1-bun5-po3-to7
559,tsit4-khuan2 tsiong3-phinn2 siok8-but8 ，
560,tshia1-thau5 iau2-u7 tshia1-mng5-loh8 ，
561,ping5-siang5 ki2-pan7 tsiann5-kiu3 。
562,ting5-khui2-siong1 tsioh4-hap8 piau2 ，
563,siat4-ke3 tso7-sing5 tong1-giam7 im1 。
564,bin5-si7-sin1-bun5-po3-to7
565,long5-ui2-hue7 kong2-tsu2 kam1-si3 ，
566,tsit4-mia5 tsa1-poo1 i3-sik4 phang5 ，
567,tng1-kang3 tsiann5-e5 ka1-ting5-pau7 ，
568,hian7-tiunn5 be7-siau3-hi3 be5-kun5 。
569,tshu3-tsu2 tshiann3-tsap8 sua2-ui7 ，
570,put4-siau3 tsiu2-siong1 e5 siok8-ki1 ，
571,jian5-au7 kah4 tsiu2-khi3 tso3-phi3 ，
572,tsu7-an2-ne1 sing5-lip8 tsheh4-pan7 。
573,siu7-tioh8 iau1-tsiong2 tsian5-tse3 。
574,kun1-hue7 e7-poo1 tsian3-bing2 pang5 。
575,u7-tsit8-tshing3 peh4-ni5-e5 lik8-kooooo
576,bin5-si7-sin1-bun5-po3-to7
577,tsit8-tui3 tsing3-lian2 nng7-tshiu2 ，
578,tsit8-to2-kau3 ting7-khuan2-ti7 ，
579,jian5-au7 ban7-hau7 tsing3-sang3-ti7 。
580,tui3 bi2-kok4 koo3-be2-tua7 ma5-thuan5 。
581,siong7-kan2-lam5 tsing3-hak8-sing1 ，
582,tit4-tioh8 tsuan5-kiu5 tshui2-hok8-lui7 
583,tsuan1-tng5 siok8-i5 ge7-piau2 tsing3 ，
584,bo5-siunn7-tioh8 ping5-tua7-phing5-tsua2
585,i1 hue3-thau5 tse7-tsing5 hiang5-tong7 ；
586,au7-lai5 king2-hong1 tiau5-sang3-khi7 ；
587,tai5-lam5 tsit8-ui7 tshiann1-tan5-kun1 ，
588,the2-tsit4 sin1-e5 ah4-si7 bin5-san2 ，
589,pau1-tioh8 hong1-bi7-e5 gi5-lan5-siunnnn
590,hoo7-li2 lai7-bin7-e5 siong5-pan3-hi5 ，
591,siau1-hong5-tui7 khiam3-tin7 bin7-tsiau2
592,kho3-tioh8 khun5-siang1-tshu2 。
593,ti7 ping5-tsia2 「 mng5-kham2 「 giam7 ，
594,li2-siok4-bi2 e5 siang1-thau3 gue7 ，
595,tshut4-te5 hoo7 li2-tshuan2 gian2-pan1 。
596,hian7-tiunn5 ping5-se7 ho5-han3-kai3 。
597,tsin1-kin2-e5 khuai3-poo7 tsin3-tsing5 ；
598,ti2-le2-pai3 king1-kue3 hang5-tshi2 ；
599,tioh8-si7 siong1-thai3-e5 ping5-tsiu5 ，
600,gu5-bah4 pi7-giam7 san2-biap8 kin2-kip4 
601,tiam3-lai7 long2-si7 ka1-ki7-tsa3-iu5 ，
602,sio1-thuann5 khau2-leh4 phua3-kun1 ，
603,tsin1-e5 iau2-si7 tsing3-pai2-tu2 。
604,in1 kang7-khuan2 tsin1-hak8-phing5 ，
605,lau7-ji7 ho7-thau5-iu5 kang1-thoo5-iu5 ，
606,long5-tshian5-ping5-khai2 tsiau2-sang3 ，
607,i2-kip8 gi7-kuan2-jin5 e5 pi7-liau2 ，
608,siong7-tuann5 pin5-tong1 kha1-tiunn7 。
609,tsit4-pue1 sio1-tu2-phau3 lam5-iau7 ，
610,tsit4-ma2 tu2-ho2 an1-te5 pang3-ko2 ，
611,iau2-ai3 hu7-tam1-ping5 khang1-pio1 。
612,pin5-tang1-kuan7 pang1-hiong1-kang2 ，
613,guan7-i3 to2-tng2-e5 ping5-sai5 ，
614,tsai5-sin5 tsiann1-ui7 kang3-lim5 。
615,tioh8-si7 phing5-tiunn7-e5 lim5-tiat4 ，
616,hoo7 lam5-poo7-e5 siang1-tong1-e5 ，
617,tak8-kang1 long2-u7-ki1-tit8 tang1-kiang
618,siann1-ti7 bin5-tsiong3 tui5-hng1-siat4 
619,tsing3-be7 tshau2-a2 tshau2-pian7 ，
620,ng7-liau2 biau2-kong2 e5 tsiah4-ming5 ，
621,m7-koh4 sio2-hak8-e5 sing1-koo2 ，
622,tsit4-ma2 e7-sai2 su2-iong7 hu3-khuan2 。
623,tam1-jim7 long5-lik8 sin1-tshun1-uan5 。
624,sim1-thiann3 lak8-tua3 goo7-penn5 。
625,tai5-thih4 ting7-khu2-e5 tuann7-i3 ，
626,ai3 khuann3-hui1-khi2 kang3-su1-kong2 ，
627,ma7-u7 bang7-iu2 e5 tshi1-tshiah4-tong7 
628,tsun2-pi7 hoo7 sing3-hik8 e5 tsah4-khi3 
629,ban7-ban7-e5 pit4-biam2-hi1-sia2 」 ，
630,sui1-jian5 mui2-pai2 kam1-li2-ki5 ，
631,tsit4-ui7 tshiu2-kang1-se3 lau7-si1 。
632,tong3-tso3 tshia1-loo7 khai1-siang7 ，
633,tsit4-ma2 sio2-un7 kap4 tshia1-a2 ，
634,tsit4-tsiah4-e5 bi2-kok4-tua7-ping5 ，
635,kiat4-ko2 lian5-sua3 sann1-e5-king1 ，
636,tsit4-tong3 sann1-lau5 tsing3-au5 ，
637,suann3-ting2 tsi2-ka1-tsing5 pah4-ki5 。
638,king1-kue3 siang3-tai5 ti7-pang3-ki2 ，
639,siok4-khui1 sun5-ham5 kuan5-khah4 。
640,tsit8-tshuan3 tsit8-tshuan3 e5 kin1-lak4
641,m7-tsai1-iann2 an2-tsuann2-pak4-li7 。
